"MK Cabut Sejumlah Pasal di UU MD3, Ini Kata Mendagri https://t.co/ITa6SEcQI3 https://t.co/4V8UHKqdP9"
Dunia Tertawakan Selebrasi Konyol Michy Batshuayi https://t.co/TejdKmLTvl https://t.co/zqMrjeZx28
"Sering Bergaya Mewah, Tiara Dewi Tak Jaim Makan Bakso Tulang Sumsum https://t.co/rx17KQVoWu https://t.co/nVEOCG0fug"
"Naik Rp 2.000, Emas Antam Dijual Rp 644.000/Gram https://t.co/xSu9VqydLm https://t.co/DosxIDwOP8"
Presiden Timor Leste Francisco Guterres Kunjungi DPR https://t.co/G3fXvYyVJS https://t.co/2qPwCGhZ3v
"Sudah sempat tabrak jaring dan hampir tertangkap, buaya di Kali Grogol masih bisa lolos. Apa imbauan BKSDA DKI Jakarta untuk warga sekitar? https://t.co/6kwQTgcxOK"
"Menurut Fahri Hamzah, LRT harusnya dibangun di atas tanah. agar biaya tak terlampau mahal. Namun Ahli Teknik Sipil ITB mengatakan sebaliknya, LRT harus dibangun struktur layang agar tidak ""membongkar"" infrastruktur lain. https://t.co/pd83HoSkLQ"
Sembilan dari 27 kabupaten dan kota di Jabar telah menyelesaikan real count KPU. Calon mana yang memimpin? https://t.co/pr9pa7UHVQ
Penerbangan dari Bandara Banyuwangi terdampak semburan abu Gunung Agung. Akan ada pembatalan penerbangan nggak ya?https://t.co/bwKRtQzs6t
Polisi meminta CCTV segera dipasang di underpass Mampang untuk memudahkan penyelidikan kasus pencurian tutup gorong-gorong. Apa penjelasannya? https://t.co/XRmFaRPu2w
"Selain kerugian di 2017, kinerja operasional Garuda kian memburuk. Menurut Serikat Karyawan Garuda, ada cutting cost dari manajemen untuk mengurangi beban kerugian, tapi akhirnya merugikan konsumen. https://t.co/tagWNMvrXT"
"""Mengingat MK bukanlah lembaga negara pembentuk UU maka pasal yang dibatalkannya itu tidak mempunyai kekuatan hukum,"" ujar Wakil Ketua MKD DPR Soenmandjaja. https://t.co/p3b4X2CBf9"
Ficky Rhoma Irama menempati posisi paling akhir di hasil sementara real count KPU Pilbup Bogor 2018. Seperti apa rincian perolehan suaranya? https://t.co/9ZcR2R7fwS
"Perhitungan final real count KPU Cianjur, pasangan Ridwan Kamil - UU Ruzhanul Ulum unggul, sedangkan pasangan Sudrajat - Syaikhu unggul di Kota/Kabupaten Sukabumi. https://t.co/hPQLmW0uJ4"
Selebrasi konyol Muchy Batshuayi saat membobol gawang Inggris menarik perhatian netizen nih. Memang apa sih yang dia lakukan saat selebrasi? via @20detik  https://t.co/5VugsDmbvi
"Dikutip dari Reuters, Jumat (29/6/2018) pagi ini, dolar AS sudah berada di level Rp 14.410. via @detikfinance https://t.co/rGgrZSfnvy"
Status tersangka yang menyemat nama Syahri Mulyo tak menghalanginya untuk menjadi pemenang Bupati Tulungagung versi quick count. Politikus PDI P ini mengalahkan saingannya yang diusung oleh 10 partai.  https://t.co/ORNs2jyldT
"Imbas erupsi Gunung Agung membuat beberapa penerbangan harus dibatalkan. Detikers yang mau pergi dengan pesawat, coba dicek lagi ya jadwal penerbangannya. https://t.co/To7l76RvG5"
"Di tengah puluan ribu suporter Brasil di Stadion Spartak, ada warga asal Indonesia yang mengibarkan bendera Merah Putih dan menyanyikan lagu kebangsaan loh! Wah, seperti apa ya keseruannya? via @20detik https://t.co/V6SEWEHjT9"
"Berikut hasil hitung cepat KPU di wilayah Sultra hingga Jumat (29/6/2018), pukul 11.05 WIB dengan data masuk 92,32%: https://t.co/BEGrRBBL8R"
"""Hitung-hitungan quick count itu masih bisa dibantah dengan real count. ..."" kata Sekretaris Tim Pemenangan Asyik, Bucky Wikagoe. https://t.co/JVQ6V78tcd"
"Calon Gubernur Lampung, Arinal Djunaidi, mengaku mendapatkan ucapan selamat langsung dari @jokowi. Apa katanya? https://t.co/H9thPj0urx"
"Mantan Dirut PT Nindya Karya, I Gusti Ngurah Putra dipanggil sebagai saksi kasus dugaan korupsi pembangunan dermaga Sabang. Seperti apa perkembangan kasusnya sekarang? https://t.co/6nAbLQtceR"
#Foto Kedatangan PM Malaysia Mahathir Mohamad disambut hangat oleh @jokowi. Mereka juga menanam pohon bersama loh. Seperti apa ya suasananya? https://t.co/Nd6gvsDjHa
"Selain tendangan penalty yang berhasil ditepis, menurut kamu apa lagi yang membuat tim Argentina begitu diragukan untuk menjuarai Piala Dunia tahun ini?  https://t.co/4X2uEmHgh1 https://t.co/CWVPrbPykX"
Najib Razak menyebut Michelle Obama juga menerima hadiah bernilai jutaan dolar AS dari tokoh terkemuka asing. Tapi ternyata mereka berbeda nih dalam hal menyimpan hadiah itu. Apa ya bedanya? https://t.co/57ItdmBhc8
TNI 'gadungan' ini akhirnya tertangkap setelah sering meminta uang ke sopir truk dengan dalih uang keamanan. Seperti apa ceritanya?https://t.co/IaAiJNlIG4
"Menjelang pemilu Meksiko pada 1 Juli mendatang, 133 politikus dilaporkan telah tewas dibunuh. Waduh, apa ya penyebab utamanya? https://t.co/UNa4kSZj7X"
"""Kami akan mendukung Timor Leste menjadi Anggota ASEAN, itu yang paling penting,"" kata Ketua DPR RI Bambang Soesatyo. https://t.co/eSZpAiSD47"
"Cedera punggung yang dialami bek kiri timnas Brasil, Marcelo, kemungkinan karena kasur hotel yang terlalu empuk nih. Apa ya kata dokter tentang hal ini? via @detikHealth https://t.co/jJkkIIMS4o"
Kayaknya udah nggak jaman nih pakai password atau sidik jari untuk log in ke media sosial. Buktinya sekarang Twitter bisa loh log in pakai USB. Wah! Gimana tuh caranya? via @detikinet https://t.co/uZtGW3UIcQ
"Real count Pilwalkot Banjar sudah sampai 100 persen. Ade Uu Sukaesih-Nana Suryana unggul dengan 52,36 persen. https://t.co/aaj7z7XuMr"
#Foto Pertemuan antara @jokowi dan @chedetofficial berlangsung di Istana Bogor hari ini. Seperti apa ya suasananya? https://t.co/SeLasu4F9s
"Di ulang tahunnya yang ke-52, Ahok mengungkapkan perasaannya lewat lagu Elvis Presley berjudul 'The Wonder of You'. Apa katanya? https://t.co/pFVhbQ8Quf"
Ketua DPR Bambang Soesatyo (Bamsoet) meminta jajaran terkait di DPR ikut membantu pengusutan kasus pelemparan batu di JPO. Apa katanya? https://t.co/9s5nXPUKRL
"New Suzuki Jimny akhirnya masuk ke pasar Indonesia. Sayangnya, hanya konsumen terpilih saja yang bisa memiliki sang legenda berpenampilan muda ini. https://t.co/ae0xBCcrIc"
Relawan @jokowi ikut memanfaatkan momentum Piala Dunia 2018 untuk konsolidasi. Apa penjelasannya? https://t.co/mZ5qePvX94
"Baru-baru ini putri @jokowi, Kahiyang Ayu, curhat di Instagram pasca di-bully netizen karena ia menyebut dirinya seperti 'body karung beras' nih. Seperti apa ya curhatannya? via @detikhot https://t.co/iaIlv2Jy05"
"""Lebih hebat dukun saya kira dari lembaga survei, dan mereka bisa dianggap sebagai penyebar hoax gitu lho..."" kata Wakil Ketua Umum Partai Gerindra Fadli Zon. https://t.co/U16ftScVsY"
Wakil Ketua Umum Partai Gerindra Fadli Zon membandingkan lembaga survei dengan dukun. Apa katanya? https://t.co/U16ftScVsY
"Sudirman Said mendatangi kompleks parlemen, Senayan, untuk bertemu dengan Ketua MPR Zulkifli Hasan. Ada apa ya? https://t.co/HnGaJut4D0"
Ada 4 maskapai yang konfirmasi membatalkan penerbangannya akibat erupsi Gunung Agung. Berikut rinciannya: https://t.co/qYdnJ44ExH
Ada 4 maskapai yang membatalkan penerbangannya akibat erupsi Gunung Agung. Berikut rinciannya: https://t.co/qYdnJ44ExH
"Pasangan calon Pilwakot Sukabumi, Achmad Fahmi-Andri Hamami berterima kasih kepada para pendukungnya. Apa katanya? https://t.co/sAKwbNatnJ"
"Waktu tempuh ke 3 venue Asian Games tidak sesuai target yang telah ditetapkan, yaitu 34 menit. Apa ya penyebabnya? https://t.co/ojvFxpEIum"
"Sebuah gudang kayu di Jalan Lamongan Dipo, Kelurahan Gundih, Kecamatan Bubutan, terbakar. Seperti apa penanganannya? https://t.co/mWAFLrhUFL"
"""Secara lahir, Anak Agung Gde Agung, bertindak seolah-olah hanya berkolaborasi dengan Belanda demi mewujudkan Negara Indonesia Serikat, tapi secara batin dia menindas unsur-unsur Republikan dengan kejam."" https://t.co/5QnCfZWSOi"
"Bertikai dengan Media AS, Jarrod Warren Ramos Tembak Mati 5 Orang https://t.co/kq4nUZG1M0 https://t.co/wL0Kv5z7WV"
"Soal Terima Hadiah, Ini Bedanya Najib dengan Michelle Obama https://t.co/1tTJie68iB https://t.co/I6u0xcISw5"
133 Politikus Tewas Dibunuh Menjelang Pemilu Meksiko https://t.co/CQRuAOAE6O https://t.co/deePcmpWUp
Mengintip Atlet Disablitas Menikmati Beragam Makanan di Dining Hall https://t.co/1MFDOn6LBD via @detiksport https://t.co/8NFcTAlNq9
Gemas! Saat Anak Kim Kardashian Foto Bareng Sepupunya https://t.co/iXOB8uFNZ6 via @haibundacom https://t.co/I5PtkUCUQC
"Massa Ormas Rusak Fasilitas PN Bantul, Polisi Periksa 9 Saksi https://t.co/WMqSJOkKYj https://t.co/bE57hsB016"
"Final Real Count KPU, Ade-Nana Menang Pilwalkot Banjar https://t.co/MpmCrXqoFt https://t.co/2fAdi3bMn3"
Polisi Masih Buru Pelaku Penembakan Mobil Karyawan JICT https://t.co/1Mifps0z9p https://t.co/R4QMaJFtWF
"Raih 51 Persen, Fahmi-Andri Ajak Warga Kota Sukabumi Bersyukur https://t.co/Igyk8YP6yd https://t.co/mXw6F65B3E"
"Gunung Agung Hujan Abu, Pihak Penerbangan Diminta Terus Waspada https://t.co/WLmTB7zmKD https://t.co/asGsb5TYf3"
Tiga Tim Lolos ke 16 Besar Piala Dunia 2018 dengan Poin Sempurna https://t.co/xCMUynd3xH via @detiksport https://t.co/8w61Hg1kkD
"Akan Nikahi Henny Mona, Rio Reifan Sempat Putus-sambung https://t.co/xsgFcaT3wU via @detikhot https://t.co/AM5UI13uwf"
"Imbas Abu Gunung Agung, Garuda Batalkan 38 Penerbangan  https://t.co/iiNuO1X0OA via @detikfinance https://t.co/7zF0l1nt7A"
Cerianya Jokowi dan Mahathir Saat Bertemu di Istana Bogor https://t.co/kvRVLJ2X2C via @detik_foto https://t.co/OBdkMSFdB8
Aksi Terbaru Pakar Photosop Kabulkan Segala Permintaan https://t.co/8Vbm65Mypw via @detikinet https://t.co/xdgPDuqLDG
Highlights: Senegal Vs Kolombia 0-1 https://t.co/MqNa7if6CN via @20detik
"Marcelo Cedera Punggung Karena Kasur Empuk, Ini Kata Dokter https://t.co/vLzSp6g8SN via @detikHealth https://t.co/skfq9LL4Di"
Jokowi-Mahathir Salat Jumat Bersama di Istana Bogor https://t.co/MlnZxhkQ5t https://t.co/h86YIKLjED
Meme Penyelamatan Heroik Eiji 'Wakabayashi' Kawashima https://t.co/L7gyhN3bgr https://t.co/v4icHvhk7n
Andi Narogong Diperiksa KPK soal Aliran Dana e-KTP https://t.co/sE7Q34RJkR https://t.co/eIVCCq4mKb
Kakek Australia Ini Jadi Backpacker Setelah Istri Meninggal  https://t.co/uJrskfgXhe https://t.co/5zNhRBvKUk
Minim Budaya Menggoda Dorong Anak Muda China Pakai Aplikasi Kencan https://t.co/7dgmgEG24f https://t.co/KmmEixLDdk
Minim Budaya Menggoda Dorong Anak Muda China Pakai Aplikasi Kencan https://t.co/7dgmgEG24f https://t.co/ndTwZkDRJy
Ertiga Dreza dan Diesel Belum Jelas https://t.co/S9CQBSw6uz via @detikoto https://t.co/bSvmZ8EOaM
"Disusupi Pemilih Tak Jelas, Satu TPS di Blitar Coblos Ulang https://t.co/AA8RmLJOs0 https://t.co/oyooPoWOc5"
Fadli Zon: Lebih Hebat Dukun Ketimbang Lembaga Survei https://t.co/CFU6nEsZYv https://t.co/UdyvP4mXCB
"Gudang Kayu di Surabaya Terbakar, 1 Skylift Diterjunkan https://t.co/XtUDwgsULz https://t.co/p7imMdUOHX"
"Adili BPJS Vs Kemenkes, Vonis Kemenkum Diterima Semua Pihak https://t.co/H0ouR56eAl https://t.co/Rlrcc1xh69"
"Waktu Tempuh ke 3 Venue Asian Games Diuji, Hasilnya Tak Sesuai Target https://t.co/dEgDETO4ID https://t.co/Xv6ZPVaXYi"
"Dolar AS Tembus Rp 14.400, Pengusaha Mamin: Ini Rawan Sekali https://t.co/EMau6sqZLr via @detikfinance https://t.co/QTx5ajfXpM"
Lukisan Terakhir Michael Jackson Sebelum Meninggal Dipamerkan di London https://t.co/tqVghl9xjT https://t.co/Mj5X45KRW0
Suzuki Jimny sudah menjadi legenda mobil di segmen compact 4WD dengan usia hampir lima dasawarsa sejak kemunculannya. https://t.co/ae0xBCcrIc https://t.co/V0olZ2cepb
Udah gajian terus pengen jalan-jalan? ada banyak promo gajian nih di https://t.co/Uc1Uqx7aGC @tiket. Klik di: https://t.co/Olt4aWkFUr #ad https://t.co/nVpRZCpiEM
Khidmatnya Warga Kota Gudeg Peringati 'Yogya Kembali' di Malioboro https://t.co/v0gbjgJVY6 https://t.co/rqtoHWD4LT
Pemprov DKI Gelar Pawai Kendaraan Hias Rayakan Ultah ke-491 https://t.co/Hl6IqziuUg https://t.co/2pDQYWfSpY
Jokowi Undang Presiden Korsel dan Korut ke Asian Games https://t.co/u7B4yW0euz https://t.co/LUrQPcYFFy
2 Pemotor Kabur dari Lokasi Pelemparan Batu di Tol Tangerang https://t.co/oYrmkIenDn https://t.co/K4B030pK9y
Inilah Negara-negara yang Berhasil Masuk 16 Besar Piala Dunia 2018 https://t.co/dZL4PcWeDp via @detiksport https://t.co/ylFz8QWJDU
Filipina Bangun 'Manila' Baru Senilai Rp 196 Triliun https://t.co/3qbpE6fZKQ via @detikfinance https://t.co/5cb5mvRxCw
Saran Atlet Profesional Buat yang Ingin Punya Badan Kencang Berotot https://t.co/Unr4ilbHN1 via @detikHealth https://t.co/2Uogxxmwy5
"Termasuk Perhiasan dari Raja Saudi, Ini Hadiah Untuk Michelle Obama https://t.co/Q812DkOdIp https://t.co/uiSAnlNNIV"
Ketum PAN Zulkifli Hasan mengatakan pasangan Sudirman Said-Ida Fauziyah idealnya adalah 'The Winner'. Apa maksudnya? https://t.co/7DLJ5bYeTf
Wakil Ketua Umum Gerindra Fadli Zon mengatakan Prabowo Subianto mantap melangkah menjadi calon presiden. Apa penjelasannya? https://t.co/Jq24GLPt63
"Wakil ketua DPR, Fadli Zon, menganggap beberapa uji materi terhadap UU MD3 yang dikabulkan MK sebagai pelemahan DPR. Bagaimana penjelasannya? https://t.co/3VEfdnVn1q"
"Akhirnya! Apple dan Samsung yang sudah lama berseteru di meja hijau akhirnya setuju untuk berdamai. Kira-kira, apa ya penyebabnya? via @detikinet https://t.co/UKKxccld2S"
"Berdasarkan hasil real count KPU yang sudah mencapai 94,66 persen, paslon Rudy Gunawan-Helmi Budiman berada di urutan pertama Pilbup Garut 2018. https://t.co/eWCXVj7Y1m"
Vaginismus merupakan disfungsi seksual yang terjadi pada vagina. Otot vagina akan mengetat atau mengejang ketika mendapatkan sentuhan pada area vagina. https://t.co/5JJKAGkwol
Ada cerita menarik nih yang diceritakan @jokowi tentang kunjungannya ke Malaysia tahun 2015 lalu. Apa ya ceritanya? https://t.co/zy01FbM98J
"Cagub Jawa Barat, Sudrajat, belum akan mengucapkan selamat ke rivalnya berdasarkan hasil quick count yang sudah final. Apa ya alasannya? via @20detik https://t.co/I8ngZAQIFV"
"Real count Pilbup Ciamis sudah mencapai 98,19 persen. Berikut hasilnya: https://t.co/xk03oXu0kN"
"Ada-ada saja modus kejahatan satu ini. Berkedok menjual barang, pria ini malah kabur membawa motor warga. Seperti apa kejadiannya? https://t.co/Buqilolfgv"
Menguatnya harga dolar AS yang sudah mencapai Rp 14.410 pagi ini bisa berdampak ke kenaikan harga makanan dan minuman nih. Seberapa signifikan ya kenaikannya? via @detikfinance https://t.co/idQd92HL9u
#Foto Tepisan kiper Jepang Eiji Kawashima saat menjaga gawang timnya dari timnas Polandia disebut mirip karakter animasi Genzo Wakabayashi nih! Kamu setuju atau nggak detikers? via @detiksport https://t.co/DzjayuYzTZ
"""Jadi saya kira kalau pilkada ini lebih fair, saya yakin bisa lebih baik dan kita bisa unggul,"" kata Sudirman Said. https://t.co/NSToqNPiwO"
"Selama pelaksanaan Pilgub Jabar, pasangan Sudrajat-Ahmad Syaikhu merasa 'dikeroyok' paslon lain. Apa ya maksudnya? https://t.co/li3zaHMkti"
"Setelah THR, PNS akan mendapatkan gaji ke 13 bulan Juli nanti. Kapan proses pencairannya dimulai? via @detikfinance https://t.co/xvWbcRxwDx"
Indo Barometer memaparkan hasil analisisnya soal hasil quick count Pilgub Jabar 2018. Apa hasilnya? https://t.co/SqE6Ut8KB7
Pendaftaran caleg DPR dan DPRD akan dibuka pekan depan sementara pendaftaran capres diadakan bulan depan. Seperti apa tahapannya? https://t.co/n1grFM3Ywp
PM Malaysia @chedetofficial merasa terharu dan gembira dengan penyambutan @jokowi di Istana Bogor. Seperti apa ceritanya? https://t.co/NK5pmUFFCM
"Nggak jarang orang menelan air yang digunakannya untuk berkumur. Sebenarnya, baik nggak ya untuk kesehatan? via @detikHealth https://t.co/s0hk2mAQQX"
"Anak Agung Gde Agung jadi Pahlawan Nasional sejak 2007, meski beberapa catatan menyebutnya sebagai pemilik pasukan anti-Indonesia pada masa Revolusi. https://t.co/5QnCfZWSOi https://t.co/y6dM4WLRqq"
Fase grup #PialaDuniaTransmedia 2018 sudah selesai! Negara mana saja ya yang berhasil lolos ke babak 16 besar? via @detiksport https://t.co/BgmMg73NiY
"So sweet! Chicco Jerikho memamerkan perut hamil istrinya, Putri Marino, di akun Instagramnya. Kayak apa ya fotonya? via @detikhot https://t.co/ze0iOzaZ4S"
"Hasil hitungan cepat Pilgub Sumatera Selatan sudah 87,6 % dari total 16.904 TPS. Seperti apa hasilnya? https://t.co/gohmnuWZ64"
Bandara Internasional I Gusti Ngurah Rai kembali dibuka tepat pukul 14.30 WITA. Apakah sudah bisa beroperasi secara normal? https://t.co/wf5ZtIqSiR
MK mencabut kewenangan DPR dalam memanggil paksa seseorang yang diatur dalam UU MD3. Apa tanggapan Wakil Ketua DPR Fahri Hamzah? https://t.co/M6Yj9mHPJO
"Acara #KumpulIDxdetikcom sudah di mulai! Buat kamu yang berhalangan hadir ke Kuningan City, kamu bisa tonton live streamingnya di https://t.co/EvjjisZVgR https://t.co/aXMdCsMFbT"
70 ton bawang merah 'palsu' yang diamankan di Surabaya akhirnya dimusnahkan. Apa penjelasan Direskrimsus Polda Jatim? https://t.co/g6ivRU1ODT
"Tsamina mina eh eh Waka waka eh eh' pasti nggak asing di telinga kamu kan detikers? Lagu Waka Waka menjadi official theme song Piala Dunia 2010 lalu. Tapi kok, official theme song #PialaDuniaTransmedia tahun ini seperti kurang terdengar ya? https://t.co/LxT68q8lUm"
"Berikut hasil hitung cepat KPU di wilayah Kalbar hingga Jumat (29/6/2018) pukul 14.11 WIB dengan data masuk 95,33%: https://t.co/u2GUa3hCni"
Ada sejumlah hal yang diperhatikan agar foto makanan enak dipandang mata. Komposisi dan kisah dalam foto perlu dipikirkan agar visual yang dihasilkan menarik perhatian https://t.co/S5cO4hSmS8
"""Dalam pilkada serentak ini juga, bahwa lembaga survei terus membangun opini untuk menggiring kandidat-kandidat pro Jokowi akan mendapatkan kemenangan,"" kata anggota Badan Komunikasi DPP Partai Gerindra, Andre Rosiade. https://t.co/08a6hD70H3"
"""...kita harus menanyakan pada Pak Fadli perihal dukun mana yang bisa mengalahkan lembaga survei tersebut,"" ujar Bendara F-PDIP DPR Alex Indra Lukman. https://t.co/qtBkdPWGVJ"
"Dalam pertemuan hari ini, @jokowi dengan PM Malaysia @chedetofficial juga saling membandingkan dan belajar mengenai demokrasi di masing-masing negara. Apa ya hasilnya? https://t.co/cOxpmV746J"
"Cristiano Ronaldo akan menghadapi satu-satunya tim yang belum kebobolan dalam tiga laga fase grup #PialaDuniaTransmedia 2018, yaitu Uruguay! Menurut kamu, tim mana nih yang akan menang? https://t.co/k8sZlljOnA"
Basarnas telah menemukan lokasi keberadaan KM Sinar Bangun dan sejumlah korban di Danau Toba pada kedalaman 450 meter. Seperti apa upaya penyelamatannya? https://t.co/wHuGMx5BQ1
"Pada hasil real count KPU Jabar yang sudah mencapai 91 persen, pasangan Sudrajat-Ahmad Syaikhu kalah dari pasangan Ridwan Kamil-Uu Ruzhanul Ulum. Apa tanggapan PKS? https://t.co/BtJt4Pfr1a"
Viral! Seorang guru yang memilih @ridwankamil disebut dipecat. Pihak sekolah lalu angkat bicara. Apa penjelasan pihak sekolah? https://t.co/Yj3x9VbeA8
"Penyandang vaginismus sungguh menderita karena dianggap tak bisa melayani suami, terancam perceraian, dan sulit mempunyai momongan. https://t.co/5JJKAGkwol https://t.co/AMIcWCtOu2"
Perhitungan C1 Pilgub Jabar pada situs https://t.co/DT45T2BmeQ akan selesai malam ini. Apakah hasil hitungan C1 pada web itu dapat berbeda dengan hasil rekapitulasi berjenjang? https://t.co/kDS0asg938
".@aniesbaswedan ikut memberi ucapan untuk mantan Gubernur DKI Jakarta, Ahok, yang berulang tahun hari ini. Apa harapan Anies Baswedan untuk Ahok? https://t.co/7JXRvbHeEW"
"Wakil Ketua Umum Partai Gerindra, Fadli Zon ikut mengomentari penodongan yang dialami tim cagub Jateng Sudirman Said jelang Pilkada 2018. Apa katanya? https://t.co/AvfE9Njbi0"
.@aniesbaswedan berencana mengundang semua kepala daerah baru se-jabodetabekjur ke Balai Kota. Apa ya tujuannya? https://t.co/Wax79UGlIA
".@Pak_JK menyebut venue Asian Games di Senayan lebih baik dari kompleks Olimpiade di London loh. Wih, semakin siap untuk Asian Games nih! https://t.co/xV1vKPOXMF"
Pelanggaran hukum terkait dibukanya sejumlah kotak suara yang tak sesuai aturan KPU dan Bawaslu ditermukan di Kota Cirebon. Apa langkah yang dilakukan Panwaslu Cirebon? https://t.co/kla98BnaOz
"Beberapa orang percaya kalau alien itu ada. Tapi, riset dari University of Oxford tentang keberadaan alien ini berkata lain loh. Apa ya hasil risetnya? via @detikinet  https://t.co/qLNdIfYx2e"
"Padahal Senegal punya poin, selisih gol, dan produktivitas yang sama dengan Jepang di #PialaDuniaTransmedia 2018 loh. Tapi kok, Jepang ya yang maju ke 16 besar? Apa penyebabnya? via @detiksport https://t.co/3TrQNQotc8"
#Foto LRT Jakarta ditargetkan dapat beroperasi saat Asian Games. Seperti apa ya kondisi proyek LRT sekarang? via @detikfinance https://t.co/H35sBRpnBw
Ketua KY kini dijabat Jaja Ahmad Jayus yang menggantikan Aidul Fitriciada Azhari. https://t.co/xVJRSjY5la
Saat ini beredar kabar mengenai lembaga-lembaga survei politik yang dikabarkan pernah salah melakukan quick count pada Pilgub Jabar 2013 lalu. Seperti apa faktanya? https://t.co/dIgMckvwr7
"#Foto Pakar Photoshop ini kembali mengabulkan permintaan orang untuk memodifikasi fotonya nih. Eits, tapi kok, kayak ada yang aneh ya.. via @detikinet https://t.co/I20UxObXzP"
"Butuh perlakuan khusus, berapa sih biaya yang dibutuhkan untuk menghidupi ikan Arapaima? https://t.co/L4bsJGTtJU"
Cara yang dilakukan Fredrich saat membela Novanto justru berpotensi mencederai profesi advokat dan melanggar sumpah advokat. https://t.co/RQvIwpFA1n
"Lewat Instagram Story, Nikita Mirzani membahas mengenai tujuh karakter laki-laki yang nggak dewasa nih. Hmm.. ditujukan untuk Dipo Latief apa bukan ya? via @detikhot https://t.co/qodK9cDvYc"
Wakil Ketua Umum Partai Gerindra Fadli Zon membandingkan lembaga survei dengan dukun. Apa katanya? https://t.co/U16ftScVsY
Korban pelemparan batu sebesar helm di Tol Tangerang menceritakan kejadian yang menimpanya. Seperti apa? https://t.co/g2ExWGiHWW
Kemenangan kotak kosong dinilai sebagai kritik keras kepada calon. Mereka seharusnya lebih mendekati masyarakat daripada menguasai mayoritas partai. #TirtoKilat https://t.co/ry7xByJeYY
#Foto Siang hari tadi @jokowi dan PM Malaysia @chedetofficial melaksanakan salat Jumat bersama di Masjid Baitussalam. Berikut potretnya: https://t.co/GJjUIFo4UF
Relawan Gatot Nurmantyo menemui pengurus Partai Berkarya hari ini. Apa hasil pertemuannya? https://t.co/o8U256hQCk
Ayo berpartisipasi dalam memeriahkan Piala Dunia 2018! Daftarkan segera tim sepak bola kamu untuk ikutan Dead Goal Competition dan rebut hadiah total senilai 50 juta rupiah!! Informasi selengkapnya klik: https://t.co/AIwUBgDgwA https://t.co/WjLYX1hmt8
Pengetahuan soal kamera ponsel dan komposisi fotografi menjadi syarat menghasilkan foto makanan yang apik. https://t.co/S5cO4hSmS8 https://t.co/qH3WPmckM7
"Ngakak! Pengemudi ojek online ini mengaku gugup karena mendapatkan Gilang Dirga sebagai customernya. Eh sebentar... itu Gilang Dirga atau Dimas Anggara, bang? via @detikhot https://t.co/hioEmLycd5"
"Pada pukul 14.30 WITA, Bandara I Gusti Ngurah Rai Bali kembali dibuka. Apakah jadwal penerbangan kembali normal? https://t.co/6LrZa3YL65"
Hasil quick count sejumlah lembaga survei menunjukkan Ridwan Kamil-UU Ruzhanul Ulum unggul di Pilkada Jabar. Apakah Sudrajat akan mengajukan gugatan hasil pilkada ke MK? via @20detik https://t.co/fzT5BfajB7
"Kasur empuk memang sering lebih nyaman daripada kasur keras. Tapi kok bek timnas Brasil, Marcelo, bisa sampai cedera punggung ya karena tidur di kasur empuk? via @detikHealth https://t.co/fjOEhMzhXG"
"Patah hati tidak pernah sederhana, pada siapapun. Ini tentang bagaimana tubuh kita bereaksi terhadap perpisahan. https://t.co/Mgi1ZeyCas https://t.co/DbCHYN9kl1"
Partai Demokrat ikut angkat bicara mengenai perbedaan hasil survei dan quick count Pilgub Jawa Barat 2018. Apa katanya? https://t.co/qkjkO8auGE
"Dalam pertemuannya dengan @jokowi, PM Malaysia @chedetofficial memberikan pesan soal pemilu. Apa katanya? https://t.co/StgDHWQjXT"
"""Beliau (Rachmawati) sudah kasih instruksi, nggak boleh bicara politik. Tapi memang dalam hidup ini selalu kita dihadapkan dengan pilihan..."" kata Ketum Partai Gerindra Prabowo Subianto. https://t.co/0ncHmBvFc7"
Mahkamah Konstitusi (MK) menolak melegalkan ojek online. Lalu bagaimana cara Menhub mempertahankan keberadaan ojek online? via @detikfinance https://t.co/kzbZ8WQh82
Suara pemilih Pilgub Jatim yang masuk dalam hitung cepat KPU sudah masuk 95.38%. Apa hasilnya? https://t.co/7mjczNvuzL
"""Dari hasil quick count atau pun real count atau pun laporan langsung, kami cukup banyak meraih kemenangan,"" kata Sekjen DPP Golkar Lodewijk Freidrich. https://t.co/OIBeU2A8hF"
Via Vallen ternyata fans berat De Gea dan Cristiano Ronaldo nih. Dirinya pun sudah siap terbang ke Rusia untuk nonton langsung #PialaDuniaTransmedia 2018. Seru banget ya.. via @detikhot https://t.co/Bu8Gr3cAuD
"Meski sudah berdamai dengan sekolah yang memecatnya, guru pemilih Ridwan Kamil ini tidak mau kembali ke SDIT Darul Maza. Apa alasannya? https://t.co/XO0UmSyBm1"
Ketua DPP Partai Golkar Ace Hasan mengungkit momen sujud syukur Ketum Gerindra Prabowo Subianto saat proses hitung cepat Pilpres 2014. Apa katanya? https://t.co/0FniRZeOtX
"""Jadi saya kira kalau pilkada ini lebih fair, saya yakin bisa lebih baik dan kita bisa unggul,"" kata Sudirman Said. https://t.co/gPb7SdLdbX"
"Aman Abdurrahman tidak mengajukan banding, begitu juga dengan jaksa. Lantas, apa proses selanjutnya yang harus dilakukan Aman? https://t.co/ZNV3DJuGmO"